Label,Text
0,le trung tinh
0,le vĩnh truong
0,phanhong chuong
0,nguyen quang duc
0,dinh van quyet
0,manh cuong nguyen
0,nguyen hoang anh
0,pham song thu
0,nguyen viet thang
0,le ngoc minh
0,nguyen thi hoi
0,van toan
0,steve  mai
0,le ngoc mai
0,thanh van
0,pham kien thuc
0,le quang
0,nguyen tran dang phu
0,nuyen huy tuyen
0,cater2yourflavor llc
0,huynh phi long
0,nguyen quang a
0,dieu chinh lu
0,cao xuan hong linh
0,vu thi phuong anh
0,le ngoc luong
0,chien tran tien
0,thuy my
0,mai huu duy
0,mai thuy dung
0,dang xuan chau
0,nguyen quoc chuong
0,nguyen hoai tuong
0,hoang long
0,nguyen huu loc
0,nguyen manh kim
0,hoang vinh thang
0,nguyen tan thanh
0,lu tran diem trinh
0,tran van tinh
0,nguyen ngoc anh
0,tran quoc loc
0,pham dang quynh
0,le thuy bao nhi
0,dinh ngoc thu
0,pham ngoc sang
0,huynh van thang
0,ha thach huong
0,bui tu anh
0,toai nguyen
0,trinh viet nam
0,le hoang duy
0,quynh vu
0,dieu t. nguyen
0,nguyen thai linh
0,nguyen ngoc hien
0,hai tran
0,nguyen trung thanh
0,bao le
0,tung huynh
0,kim ngan nguyen
0,truong dang tuan dat
0,tran thanh trac
0,nguyen thanh ha
0,le dang hung
0,nguyen van man
0,tung le pham
0,van do
0,ha duong tuong
0,pham van binh
0,hue tran thi
0,ly minh hao
0,minh tu huynh
0,"pham phu quoc, phd"
0,nguyen xuan lien
0,huynh duy loc
0,khach do
0,le bao
0,nguyen vu duy tuan
0,nguyen van thanh
0,vo thai minh
0,nguyen minh chinh
0,pham tran dai
0,son t tran
0,dao nguyen ngoc
0,kieu duc long
0,hoang cuong
0,nguyen trung hieu
0,henry vo
0,xuan pham
0,nguyen the dung
0,huynh quoc thang
0,hung quoc nguyen
0,tran thanh nhat
0,vu d. le
0,quach hoang minh
0,tran kim dung
0,tran ngoc thach
0,hung q. ngo
0,son dao
0,melisa tram
0,ryan nguyen
0,steven huynh
0,le kim hung
0,vo van long
0,ha duy long
0,hoang ngoc cam
0,bang c. dinh
0,nguyen nguyen
0,van ngoc thanh
0,vi hue
0,tran thi huong
0,paul dau
0,dinh van hai
0,nguyen trong thuy
0,pham tran tung
0,nguyen jung
0,long nguyen
0,tai le
0,nghi nguyen
0,le trung
0,binh phu nguyen
0,ngo bao chau
0,tan le
0,nguyen huu vien
0,dang binh
0,nguyenthoiday
0,son nguyen
0,pham cuong
0,huy tran
0,le thuan
0,nguyen ba phuong
0,nguyen trong binh ph. d.
0,thai phu nguyen
0,nguyen duy vinh
0,duc hoang
0,ngo hoang minh
0,luu hong thang
0,vi huu tran
0,vo xuan hung
0,tran minh vy
0,huynh hai nam
0,nguyen phuong tung
0,hoanng  quang  mjnh
0,nguyen quoc phuong
0,hoang dang
0,nguyen duc hai
0,nguyen tuan khanh
0,nguyen- trong  hoang
0,phùng hoài ngọc
0,pham thanh lam
0,phùng hoài ngọc
0,pham quoc dat
0,tran ngoc thuan- an
0,tim pham
0,nguyen mai chi
0,van nguyen
0,dinh duy ky
0,nguyen the thinh
0,huong tran
0,tong hoang nhan
0,anh t nguyen
0,nguyen thi hai
0,nguyen xuan tho
0,nguyen thanh ha
0,nguyen phuong
0,hanh
0,hà nguyẽn quóc hùng
0,phung huu phu
0,nguyen thi kim lan
0,do xuan loc
0,truong anh vu
0,nguyen phuc
0,do xuan loc
0,toan dam
0,phat nguyen
0,qui thai
0,dang thi thanh phuong
0,pham hung
0,tran cao son
0,tony ngo
0,mai the tai
0,nghiem viet anh
0,tran khoan
0,tina dinh
0,t. v. vu
0,huynh dung
0,nguyenquangchu
0,trinh dzuong minh
0,pham duy quang
0,trinh lien minh
0,than nguyen vinh hao
0,nguyen van  duc
0,nguyen thanh trung
0,vu ngoc tru
0,nguyenquangchu
0,thanh binh trinh
0,phan phan hoang
0,cuong le
0,vu hong cuong
0,dung hong
0,nguyen quoc bao
0,bui van khanh
0,pham p. long
0,phan duong hieu
0,dinh van kiem
0,ngo thu lan
0,nguyen huu thai
0,ho van quan
0,ngo thi cam tu
0,khoi tran nguyen
0,nguyen cao hoang minh
0,le thanh tuan
0,pham duy hien
0,nguyen anh son
0,le hong ha
0,long hoang
0,le quang tu
0,nguyen van thanh
0,lam le
0,dao dinh binh
0,nguyen hien tri
0,huu ucmasvungtau
0,nguyen trut dinh
0,dao trung kien
0,duong vu
0,tinh nguyen
0,khoi m. tran
0,vu thu bon
0,dao tan anh truc
0,hien bui
0,bui van hung
0,nguyen khanh duong
0,nguyen khanh hung
0,nguyen van quang
0,nguyen dinh lung
0,hoang duc
0,dinh hoang thang
0,nguyen thi thanh ha
0,ngoc chau tran
0,nguyen nhut minh
0,mai hoang
0,phan tran tuan anh
0,tran minh thao
0,to oanh
0,"dao, michael"
0,truong k. ngoc
0,le xuan quang
0,"dao, michael"
0,ngo viet hung nguyen
0,van ngoc tra
0,nguyen quang nhan
0,doan thi thanh minh
0,duong van tu
0,nguyen ngoc lai
0,trinh minh duc
0,minh thanh
0,do toan quyen
0,vo thanh tuoi
0,khoi nguyen huy
0,nguyen phuong hoan
0,anh nguyen
0,bui phan thien giang
0,ly quang huy
0,j. nguyen
0,dan nguyen
0,nguyen duy tu
0,nguyen thanh phong
0,chung thanh tran
0,phan anh ky
0,chung thanh tran
0,luong cong trung
0,phan van song
0,nguyen duc hoa
0,kim dao
0,nguen giaothuy
0,tran van tan
0,son van vu
0,tran quoc thai
0,truong minh  thy
0,trinh- don nguyen
0,nguyen dúc toản
0,nguyen ho nhat thanh
0,ha viet hai
0,do thai phuc
0,huynh ngoc tien
0,luat su nguyen van tau
0,nguyen thuy
0,luu duy hao
0,nguyen van dang
0,hoang hung
0,nguyen thi thao
0,pham xuan ty
0,huynh cong thuan
0,le van oanh
0,pham ngoc tinh
0,le cong dinh
0,dang quoc toan
0,nguyen phuoc trung bao
0,nguyen hung lan
0,nguyen thi truc phuong
0,nguyen van quang
0,nguyen thanh binh
0,tran quoc hung
0,do huu hai
0,nguyen thi tu anh
0,phan thanh
0,phan binh lam
0,nguyen huong dao
0,le thanh phuong
0,do thanh duong
0,pham son
0,phan the van
0,nguyen cong tam
0,tran chi hung
0,nguyen tam ha
0,pham huu bon
0,le thi ha nhi
0,phung anh tuan
0,minh tran
0,charlie. l. dang
0,anvan huynh
0,thao tran
0,le minh trung
0,nguyen van hoang
0,le nguyen long
0,nguyen ngoc son
0,dinh hung
0,nguyen phan thy
0,thanh nam
0,trịnh hũu long
0,nguyen dinh ấm
0,nguyen van lich
0,hò vũ tài duong
0,trinh gia kiet
0,le van hau
0,huy duc
0,nguyen hung
0,vu quang binh
0,khanh c vu
0,vũ thé cuòng
0,tuyen n. huynh
0,doan cong nghi
0,nguyen quang
0,nguyen van long
0,le vu
0,khiem
0,khuong huynh
0,tran tat dat
0,pham nguyet nga
0,nguyen trang kieu
0,le anh tuyet
0,nguyen thanh tuan
0,nguyen chau thuan
0,nguyen binh minh
0,nguyen khanh tien
0,phung thi huyen trang
0,bui quang huynh
0,le van minh
0,truong tan
0,tri le
0,le tien dat
0,tran van viet
0,nguyẽn thị ngọc hiéu
0,tran thanh nhat
0,vu huy son
0,nguyen diep phuong
0,le xuan thong
0,nguyen duy khanh
0,tien phan
0,truong ngoc quy
0,hoang thi hao
0,pham vu hiep
0,phuong tran
0,nguyen khac binh
0,nguyen tran hong huan
0,hoang cong thuy
0,bui quang minh
0,nguyen hoang tuan vu
0,trinh thanh tra
0,vu lan phuong
0,tran cao nguyen
0,truong ngoc quy
0,pham ngoc tuan
0,tran minh tien
0,hung
0,nguyen minh diep
0,truong huu hoan
0,ho quang huy
0,nguyen thanh tung
0,tran thi nhu thuy
0,karen bui
0,anthony ngo
0,cong qui le
0,man van thang
0,tung nguyen
0,tien tran
0,le minh nguyen
0,nguyen thai binh
0,nguyen hoang viet
0,hoa n. huynh
0,nguyen van tuyen
0,le minh huy
0,le van hanh
0,pham thanh cao
0,nguyen tien dat
0,nguyen minh tuong
0,kevin tran
0,nguyen si trieu chau
0,nguyen dang tu
0,nguyen hoang nam
0,vu nam phong
0,tho tran
0,tran thi thu hien
0,le van huy
0,truong tu huy
0,phan minh hieu
0,nguyen loc la
0,chu binh minh
0,nguyen thi anh tho
0,trinh duc duy
0,pham huy hoang
0,vo hoang bac
0,le ngoc hung
0,quyen hong tran
0,nguyen thanh luan
0,tran thi thu phuong
0,truong n. q. tran
0,can dinh viet
0,johnny truong
0,dang thai hoa
0,huynh huy hoang
0,duong quang ky
0,le cong vinh
0,ngo hoang cam van
0,do van phuc
0,tran ngoc hung
0,dai tuan hung
0,nguyen nhat long
0,nguyen thao linh
0,dao trung thuc
0,nguyen quoc vu
0,huỳnh gia phú
0,nguyen mai lan
0,chu van kien
0,le thi nhu quynh
0,anh nguyen
0,hang le bich
0,nguyen le sang
0,nguyen huu hao
0,nguyen nhan tuan
0,tran thi thuy
0,bui cong luan
0,thuy linh
0,doanhien
0,loc nguyen
0,dinh minh hoang
0,tu ngoc thong
0,nguyen van canh
0,pham thi cuc
0,nguyen thi my nga
0,phan van giang
0,pham thi hong
0,bui viet thang
0,le thi ngoc linh
0,nguyen duc trung
0,nguyen trung nhat
0,le anh hung
0,le huu minh tuan
0,hanh mai
0,pham van hieu
0,tong tam hung
0,dinh van hao
0,nguyen van huy
0,tran quoc tuy
0,luong vo nhat quang
0,le quy hien
0,nguyen minh nhut
0,ngoc james
0,tran thi minh trang
0,pham thi hanh
0,nguyen thi trang
0,tran hoang minh
0,nguyen thien
0,nguyen huu nguyen
0,le van khoa
0,joe hoang
0,pham ngoc dang
0,nguyen van dang son
0,tran duc hiep
0,nguyen minh thien hoang
0,ngo van thao
0,diane doan
0,hoang nhat chinh
0,tran quoc tinh
0,dinh ngoc anh
0,nguyen manh luan
0,ho thi thu
0,tran quang
0,phung thi tam
0,dinh duc hoang an
0,ben truong
0,nguyẽn thanh khiét
0,nguyen hong an
0,do chi trung
0,dang minh tam
0,nguyen  van kinh
0,nguyen thi thuy linh
0,duong thị viẹt hoa
0,nguyen huu hoang
0,nguyen van tuấn gia
0,nguyen xuan mac
0,pham nguyen anh kiet
0,binh ngo
0,tran lap trung
0,duy tien
0,huynh duy thuan
0,nguyen van huong
0,nguyẽn duong nguyẹt minh
0,pham thi ngan
0,nguyen phuc xuyen
0,hoang thi hoa
0,nguyen huy hung
0,nguyen van hiep
0,vo hoang quang linh
0,nguyẽn dúc nhạt minh
0,mary teresa lan pham aka vu thuy lan
0,hoang anh tuan
0,doan ngoc diep
0,le van duong
0,huynh nguyen anh khoa
0,nguyen le nhu quynh
0,nguyen thi kim dam
0,bui thi dung
0,hoang thi thuy trang
0,le khac quang
0,nguyen ly duy hao
0,huynh duc
0,ho van trang
0,alan le
0,dao tuan anh
0,tran thi ngoc anh
0,nguyen vu hiep
0,nguyen ngoc dang
0,hoang viet thang
0,tran phu tan
0,dang tran tuan
0,nguyen thanh lam
0,hai nguyen
0,albert le
0,dien nguyen
0,nguyen ngoc hung
0,dan
0,nguyen thi my linh
0,nguyen le trung chau
0,vincent kim
0,hoang hai long
0,nguyen hoai bao
0,dao xuan tuan
0,ngo van thao
0,ha thoa
0,phan an
0,nguyen khac huy
0,nguyen hoang bach
0,nguyen phung xuan anh
0,doan xuan thang
0,doàn thị minh thoan
0,pham ba coi
0,tran
0,nguyen pham huy thanh
0,tran quoc viet
0,hoang khanh bao vi
0,luong thuy linh
0,nguyẽn thị ngọc minh
0,dang van sinh
0,nguyen thi hai yen
0,huynh van tha
0,vo le dinh phu
0,vo linh son
0,pham van thang
0,jim tran
0,dang thanh long
0,vu xuan hieu
0,nguyen thi le hang
0,duong tri cuong
0,hoang dao
0,khoa tan nguyen
0,pham duc duong
0,nguyen ngoc duong
0,tran van son
0,nguyen thi ngoc khanh
0,nguyen the loc
0,nguyen ngoc anh
0,huynh quang huy
0,dinh van huong
0,nguyen the vinh
0,le chi hung
0,trinh vu thanh duy
0,le xuan dieu
0,tang thi duyen hong
0,hoang huy phuc
0,nguyen dinh toan
0,austin nguyen
0,bui van luc
0,ngo nam phuong
0,tran nguyen loc
0,dao van bien
0,nguyen duc tien
0,vuong thi hao linh
0,vu thi hang nga
0,duong thi phuong yen
0,vo trung tin
0,ho thi ngoc dung
0,ho thi ngoc hue
0,ngoc nguyen
0,phan van quyen
0,nguyen van chuyen
0,nguyen ngoc vinh
0,tran be dang
0,nguyen dang khoa
0,tran giang ngan
0,phan van hung
0,nguyen nhat nam
0,trieu hong minh
0,ivee bongosia
0,le thi hong hanh
0,vo minh thinh
0,vu vi dinh
0,vu ngoc tuan
0,nguyen minh hai
0,nguyen viet ha
0,le van thao
0,le quang huy
0,nguyen chi tuyen
0,vo hoan my
0,vo ngoc tuyen
0,vu thanh trung
0,nguyen ngoc thang
0,vo huu trung
0,do nhu
0,nguyen duy phuoc
0,nguyen ha anh khoa
0,nguyen tuan hai
0,bui viet ha
0,nguyen duc huy
0,tran khac bach
0,tran dinh ty
0,nguyen huu nhu bon
0,le huu duong
0,wesley phan
0,vu hoang cong duc
0,nguyen cong thanh
0,trung nguyen huu
0,jim le
0,le hong son
0,ngoc thuy linh
0,nguyen thi tuyet trinh
0,nguyen mai dan thy
0,vu the anh
0,vo van cuong
0,lam tran
0,ngo quang bảo
0,tran thanh tung
0,tran ba dat
0,nguyen quang vinh
0,nguyen thanh hai
0,phan van phuoc
0,phan vuong bao thanh
0,ngo thi thu hang
0,nguyen hong van
0,hoang xuan bien
0,le huu minh chi
0,nguyen phong son
0,benjamintran
0,john do
0,nguyen duy
0,nguyen thi kim anh
0,le duy long
0,ha dang son
0,vo minh luan
0,tien nguyen
0,hotronghuy
0,nguyen van bao
0,doan gia huan
0,nguyen hoang huan
0,truong thi qui
0,nguyen van khuong
0,nguyen minh khang
0,dinh nguyen tan hoang
0,tran bang
0,nguyen duc phuong
0,vu van an
0,tran ngoc phe
0,pham huynh song toan
0,dinhquocthang
0,luu thu thuy
0,nguyen thanh y
0,tran duy anh
0,thinh nguyen
0,vo kieu bao uyen
0,tran thi nhu quynh
0,danh tran
0,le dan hung viet
0,tran hoang vu
0,tran kien trung
0,nguyen dat son
0,trinh hong ky
0,nguyen hoang viet
0,paul v vu
0,son nguyen
0,tran anh duc
0,tran hai
0,tran nam nguyen
0,nguyen dang hung
0,phan cao thiẹn
0,nguyen nam dinh
0,duong van khuong
0,nguyen thanh nhan
0,pham thi bich ngoc
0,truong xuan nguyen
0,minh nhat hoang
0,nhat tuan
0,nguyen uyen dy tu
0,le trung son
0,nguyen xuan hoa
0,tran thi kim
0,nguyen van cong
0,tony pham
0,nguyen anh khoa
0,bui thi thuy dung
0,vuong quoc tuan
0,tran thi quynh trang
0,toi duong
0,nguyen huy hoang
0,nguyen xuan bach
0,le xuan khoa
0,nguyen ngoc gia
0,trịnh thị hà
0,vu trong thu
0,cung nguyen
0,nguyen quang khue
0,nguyen nam hung
0,dang van nam
0,vũ dúc hiéu
0,dang ngoc vinh
0,dang khac thieu
0,hy tong
0,phan van thanh
0,trinh thai hoc
0,nguyen khong minh
0,dung t tran
0,nguyen duc huy
0,nguyen tuan anh
0,luong nguyen trai
0,thach tu phuong
0,phan xuan luong
0,hiep le
0,huy nguyen
0,le thi phuong
0,tuan tran
0,nguyen minh bau
0,phan minh tu
0,tran dinh da
0,le thi phuong
0,phan tram nhat quang
0,hoang minh tien
0,ong tan hien
0,le hoang lan
0,nguyen thi thuy ninh
0,tran duc hanh
0,do chi kien
0,huynh tan buu
0,nguyen trung dung
0,nguyen viet tien
0,tran thi van quynh
0,le xuan long
0,bien duc thang
0,ha minh thao
0,cung dinh long
0,thai chau
0,nguyen thai binh
0,nguyen minh quan
0,tran vu
0,do anh tuan
0,vu thi phuong oanh
0,vu kim son
0,tran vu
0,nguyen van duc
0,minh vu
0,lan tran
0,truong thanh- dam
0,nguyen quoc binh
0,pham thi ngoc thuy
0,tran thi yen nhi
0,vu xuan khang
0,van dat le
0,nguyen the tung
0,dinh thi dieu linh
0,nguyen duc khuong
0,minh triet pham tran
0,tran thi thao trang
0,vu hai long
0,le dang hieu
0,nguyen minh phat
0,nguyen thanh long
0,nguyen huu nghia
0,do tuan minh
0,le viet
0,vu tien dung
0,le ha
0,giang dinh
0,phan sy trung
0,le van thao
0,charlie chau
0,nguyen van to
0,nguyen tuan thinh
0,tran phuong ha
0,do hong hien
0,dong minh tuan
0,nguyen thi ngoc
0,tran van mao
0,le van hop
0,dinh tri vo
0,luyen tran
0,nguyen duy minh
0,bui tran dang khoa
0,nguyen huu sam
0,luu duc quang
0,do van moi
0,tang van hieu
0,ngo truong anh vu
0,vu dan
0,nguyen van vuong
0,tran cong khanh
0,pham van hau
0,phạm quóc hùng
0,hoang phuong thao
0,chu dinh phuc
0,alexander nguyen
0,bui minh ngoc
0,nguyen van trung
0,vo viet anh
0,nguyen tien long
0,hanhnguyen t. nguyen
0,tom t n pham
0,bach viet
0,hoang duy nam
0,nguyen hoang nam
0,nguyen thi ngoc anh
0,nguyen tien dat
0,nguyen si thuy
0,nguyen ngoc son
0,tong van huấn
0,tran thanh tu
0,vu van nguyen
0,ngo tran thanh
0,tran minh ngoc
0,do dang giu
0,dang xuong hung
0,bui nguyen dieu
0,nguyen duc ninh
0,huynh tinh thien tu
0,tran hong viet
0,bob nguyen
0,ngo thi dieu ai
0,le thi minh hong
0,le thi tam anh
0,bui tran phuong
0,tranthanhbinh
0,ngo thi my thanh
0,nguyen dong hai phuong
0,tran binh
0,mai khac khue
0,ho quang chinh
0,le ba diem chi ( song chi)
0,bui thien long
0,dong nguyen
0,chieu pham
0,pham bao nguyen
0,tran trong nghia
0,tran van thuan
0,vu phuong chien
0,pham loi
0,nguyen nha uyen
0,le doan the
0,ngo xuan dao
0,la chi hieu
0,ngo thị phuong anh
0,nguyen si tuan
0,hoang linh son
0,bui xuan bach
0,le xuan quynh
0,pham dong hai
0,phan thanh vinh
0,nguyen thanh ngoc
0,hoang tang van danh
0,nguyen thi lan anh
0,nguyen tuan minh
0,nhi vu
0,le van lien
0,nguyen ba quan
0,tran binh nguyen
0,ai- quang tonthat
0,nguyen huu tho
0,le thi nga
0,thao dang
0,dang nguyen dong vy
0,nguyen thanh dat
0,dang xuong hung
0,h. t. nguyen
0,huynh chanh bach
0,cao hong thai
0,nguyen hong duc
0,woody pham
0,hoang thu ba
0,lam quang thiep
0,vu anh quan
0,truong vu binh
0,thong hoang
0,tran tho vu
0,le thi minh ngoc
0,truong quang ngoc
0,tran van anh
0,truong quang ngoc
0,to lam huong
0,huynh quang nhut
0,thanh tung nguyen
0,chung quy hoang
0,phan van duy
0,duong thanh vu
0,nguyen thi huyen trang
0,canh- dung tran
0,le viet tiep
0,dao viet dung
0,le nhi hong
0,huynh minh thuan
0,nguyen thi tu huy
0,nguyen thi chien
0,nguyen hoang the hien
0,tran quoc bao
0,van tan le
0,huynh phuoc hoa
0,bùi trung nguyen
0,nguyen thi kim thanh
0,le lan phuong
0,phan tung giang
0,duong q phan
0,thang n. dinh
0,hoan thi bich ngoc
0,le thi thanh ha
0,thong hoang
0,tran ngoc xuyen
0,phan thanh hùng
0,nguyenvanchien
0,phan thanh hùng
0,ngo van kha
0,nguyen kim dung
0,nguyẽn thanh trúc
0,nguyen ngoc chau
0,nguyen ngoc phuc
0,choros slawomir
0,pham tuan anh
0,nguyen thi huong giang
0,tran dinh cuong
0,le huy trung
0,cu nguyen phuong ha
0,nguyen manh hung
0,nguyen thi hue
0,nguyen phuong thuy
0,tong quynh thom
0,le nguyen long
0,tran huynh ngoc
0,ton van anh
0,nguyen van anh
0,robert krzyszton
0,huynh van vuong
0,hoa thi mai nguyen
0,nguyen ngoc toan
0,an chi ( vo thien hoa)
0,nam hai nguyen
0,tran quoc quan
0,thang anh long
0,nguyen van dinh
0,nguyen nhuan hung
0,phung manh tien
0,pham ngoc diep
0,le hoai anh
0,tranngocthach
0,tran tu hoc
0,nguyen tam thien ( vu tuan/ kvc)
0,nguyen truong
0,truong phát
0,quach thi thu hoai
0,tran viet huan
0,nguyen thien khanh
0,luc tuan viet
0,cap minh hat
0,phan the yen
0,le hoang quoc lam
0,tran manh cuong
0,nguyen duc trung
0,pham hoang quan
0,alexander nguyen
0,dao huu thuan
0,ca dao
0,le hoang quoc lam
0,dao huu thuan
0,ngo manh duc
0,cao thi vien trang
0,nguyen cong tho
0,xuan huong
0,nguyen ngoc tu
0,nguyen thi cam tu
0,nguyen tran tuan
0,tran thanh tu
0,do hong quan
0,hung bui
0,tran minh tram
0,le thi thu huong
0,tran nguyen chinh
0,tran trung dung
0,nguyen van dung
0,nguyen tien dung
0,than nhien
0,vü phu huu
0,phat le
0,le thi tuong
0,le van sinh
0,nguyen vu bao quoc
0,nguyen xuan duc
0,vo cong duan
0,nguyen phan kien
0,doan tran hung
0,nguyen tuan trung
0,dao quoc viet
0,ly ho thi khanh
0,nguyen hong kien
0,vo thai binh
0,dr. phan huy oanh
0,nguyen thi thuy anh
0,tran dai thang
0,phu nguyen
0,phan thi thu huong
0,nguyen van minh
0,truong quoc thao nguyen
0,nguyen vu kien
0,nguyen van dong
0,vu dao nguyen
0,le than
0,nguyen luong hai khoi
0,nguyen bac
0,tran van cuong
0,kim ngoc phan
0,vu thu hien
0,nguyen- huu sam
0,le van
0,pham phu cuong
0,mai mai huong
0,nguyen anh tuan
0,bui- van- phuoc
0,vo minh loc
0,le vinh trien
0,trinh viet hung
0,phan thanh khuong
0,nguyen thi minh thuy
0,nguyen thi ngan
0,tam tam hoang
0,doan khac xuyen
0,vo thi hoa ly
0,le van dat
0,lai thi ngoc ha
0,vuong yen
0,conglethanh
0,pham dieu quynh
0,vo minh loc
0,thai duong
0,tran bao anh
0,le quoc chon
0,pham hien
0,nguyen anh tuan
0,pham thanh thao
0,pham manh dung
0,nguyen huynh thanh tu
0,nguyen van hai
0,andy le
0,ha minh hien
0,le huu the
0,"dinh, phan cu"
0,pham nguyen dat phuoc
0,tran nam thien
0,nguyen hoang hai
0,pham thi hong van
0,nguyen manh hai
0,nguyen quoc truong
0,dang duong huu loc
0,nguyen minh duc
0,tran thi thanh thao
0,nguyen pham kim son
0,ta van cuong
0,nguyẽn dúc chién
0,linh hoang
0,vu dinh phu
0,nguyen trung kien
0,nguyen lan anh
0,ha thanh kien
0,le hong nhat
0,nguyen anh tuan
0,phillip truong
0,vu duc viet
0,ta thu trang lan
0,phung phu phong
0,pham gia minh
0,tin trung bui
0,dang quoc binh
0,nguyen duy minh
0,trinh hoang duy
0,mac hai anh
0,tran nghi
0,le van phuc
0,dao anh tuan
0,nguyen dinh vinh
0,do thi uyen
0,nguyen ngoc son
0,hung son nguyen
0,bui son tung
0,do van giao
0,pham hoang cuong
0,bui van dinh
0,kevin nguyen
0,tran phuong lan
0,phan ba thong
0,nguyen vui
0,nguyen nhu pham
0,vu quoc ngu
0,nguyen thanh hung
0,vu ngoc ruan
0,khong hy thiem
0,eiko vu
0,vu ryoichi
0,vu mai hiromi
0,nguyen an duy phuong
0,pham quoc phong
0,vu lan miyuki
0,sane kawakamiji
0,bui van thuan
0,tong duc cong
0,le hong giang
0,built phu nam
0,nguyen thanh xuan
0,bui quang trung
0,vuong bui quoc
0,nguyen minh man
0,tran thanh chung
0,nguyen thi nguyet nga
0,nguyen tien minh
0,nguyen thi thu hien
0,nguyen ngoc lau
0,nguyen van cuong
0,tran cao nguyen
0,thu le
0,nguyẽn trung tín
0,nguyen tien
0,le thi thanh thuy
0,nguyen thi minh anh
0,nguyen hop
0,kimngoc huynh
0,tran kim thap
0,huyen nguyen linh nguyen
0,pham hai son
0,pham van diep
0,nguyen phuong kim
0,tran viet cuong
0,nguyen thi thao
0,nguyen xuan dien
0,nguyen quang hoang
0,do thanh huyen
0,nguyen thi thu van
0,hoang ngoc hung
0,luong van nhat
0,kha nguyen
0,hiep nguyen
0,tong phuoc anh khoa
0,tran duc anh
0,nguyen vu truong
0,tran viet hai
0,mai ngoc tran
0,doan tuan anh
0,tran minh truong
0,nguyen thanh son
0,robert renau
0,pham dang ngoc
0,le minh tuan
0,luong van hai
0,nguyen duc tho
0,nguyen huong dieu
0,le hung dung
0,nguyen van cao
0,luu trung thuan
0,nguyen tu chung
0,vu van son
0,tran tuan tu
0,pham hoang cung
0,pham hoang sam
0,pham trong quyen
0,ta kim hoang
0,phan van hoang
0,tran van tuan
0,bui kien quoc
0,le van manh
0,le dúc anh
0,nguyen dang khoa
0,menras sylvain
0,le dúc anh
0,pham thanh ha
0,luong le nam
0,nguyen hoang linh
0,da thao phuong
0,nguyen quynh anh
0,nguyen thi huyen
0,nguyen phuoc duyen an
0,pham nhat
0,bui nguyen quang dung
0,khuat tan hung
0,nguyen hoang thang
0,ngo quoc minh
0,le ngoc qui
0,ha thi thuong
0,hong quoc khuong
0,pham kieu oanh
0,nguyen dao vinh
0,nguyen hoang thang
0,phan quoc tuyen
0,tran bat luong( tacke bong)
0,hoang hai
0,le thanh hoa
0,nguyen bay giap dan
0,tran thanh tam
0,thi x nguyen
0,mai xuan dung
0,ho thi thanh trang
0,doan anh thuan
0,tran duc duong
0,phuong ky trieu
0,nguyen trung ton
0,nguyen ngoc
0,ngo sach than
0,dang tran tung
0,phuong ky trieu
0,nguyen thi thanh vi
0,phuong huynh
0,tran binh dinh
0,nguyen duc minh
0,le thi thu tra
0,tran trung
0,dfdsf
0,tran van sang
0,alberti
0,le dung
0,pham ngoc minh
0,thanh phan
0,tran minh quan
0,tran van dang
0,nguyen xuan vien
0,tran van ba
0,henry pham
0,dao anh tuan
0,vu dinh quyen
0,ha van thuy
0,nguyen duy anh
0,nguyen duc thanh
0,phan van phong
0,tran ngoc danh
0,nguyen cong ngu
0,nguyen van phu
0,le thai vinh
0,hoang van toan
0,hung vuong
0,vu ngoc can
0,bùi tién hung
0,nguyen huong thao
0,doanh thi doan trang
0,vuong phong
0,do duy van
0,tran cong tam
0,ho thi long
0,hoang quynh trang
0,nguyen kim tuan
0,dang thi trung cang
0,pham minh duy
0,nguyen truong son
0,to ngoc thach
0,le q khiem
0,nguyen thi hoai linh
0,luong quoc chinh
0,chu minh tuan
0,chau tung thien
0,pham minh vu
0,nguyen ich cuong
0,nguyen ngoc duyen
0,pham minh khoi
0,tran thi to nga
0,dang ngoc le
0,pham linh khue
0,pham thi minh am
0,ngoc quynh nguyen
0,tran the vinh
0,pham van phuc
0,tran ngoc chau
0,nguyen kim son
0,pham thi thu
0,le thi minh hong
0,le hoang nhi
0,hung nguyen q
0,pham thi sinh
0,pham trung tuyen
0,nguyen hien
0,trieu quang
0,pham van quang
0,nguyen tuan hiep
0,johndotruong
0,trinh thi hanh
0,ehly
0,nguyen thi thanh huyen
0,bui hoai. mai
0,anh tran
0,ngo tri phuong
0,nguyen thi thuy vi
0,tran phuong
0,"chau, bao loc"
0,hoang anh quan
0,ngo dinh ngoc toan
0,dao thanh thuy
0,pham dinh cuong
0,"pham, thi my phuong"
0,"chau, gia hoa"
0,phung ho hai
0,nguyen thi thanh hau
0,"chau, gia hung"
0,"chau, gia hao"
0,nguyen ha ly
0,quy tran
0,ho nguyen minh tan
0,nguyen hoang phuoc
0,huy  p. nguyen
0,bach huynh hai linh
0,nguyen huu alan
0,truong chi tam
0,le trung hieu
0,ngo nhat dang
0,nguyen phuong nam
0,chau tung thien
0,"cao, v quoc"
0,nguyen thi thu huyen
0,nguyen khac chau
0,nguyen thi le huong
0,vu tuan binh
0,nguyen ngoc dong
0,annie menras
0,nguyẽn minh sang
0,lam trong tan
0,cao tuong vu nguyen
0,le tri cong
0,phan tuan binh
0,duongduytien
0,nguyen duc tuan
0,nguyen nhien
0,thanh phuong
0,quoc viet
0,lam thi my dung
0,nguyen trong tin
0,phan hoang anh
0,nguyẽn van khanh
0,nguyen van dinh
0,nguyen tuan khanh
0,hoang bich ngoc
0,ngo lan phuong
0,nguyen duong anh
0,poveda gerard
0,le manh hung
0,phuong nguyen
0,nhuyen huu tan duc
0,pham ngoc tung
0,kim nguyen
0,phan hoang vu
0,hoang thi thanh ha
0,doan van hung
0,nguyen the duong
0,phan thi phuong tuyen
0,lam thi van
0,vutrungthan
0,pham van vuong
0,pastre colette
0,nguyen thi nhu trang
0,tran tuan dung
0,le van phuoc
0,nguyen duc nguyen anh
0,ho nhat duong
0,nam huynh
0,ho minh trang
0,trinh minh
0,nguyen duc tuan
0,nguyen thi kim cuc
0,trieu phong vu
0,to oanh
0,nguyen thanh vinh
0,nguyen nhu xuong
0,nguyen quoc vuong
0,to oanh
0,tan duong
0,tho hoang
0,duong cong hung
0,tuan hoang
0,tranvuthien
0,phan xuan phung
0,phan quoc huy
0,le thu ha
0,duong van nam
0,hoang son
0,franklin nguyen
0,pham xuan yem
0,kim phuc nguyen
0,tran thuy trang
0,nguyen hoai nam
0,cindy nguyen
0,tran thanh minh tu
0,ngo thanh ngan
0,nguyen minh vuong
0,pham dac hien
0,phil tran
0,do tuong van
0,nghiem xuan dinh
0,hoang thanh
0,nguyen van dao
0,tuyen le
0,hien phan
0,nguyen dai loc
0,nguyen ngoc anh
0,tra vinh khuong
0,bui ngoc vinh
0,trinh le
0,nguyen tuong thanh
0,gabrille phan
0,tri nguyen
0,nguyen thi hong thom
0,pham thanh tung
0,hoang van diep
0,nguyen duc hoa
0,julie le
0,hankhanh
0,le van than
0,tuy nguyen
0,bui thi hue
0,nguyen thi thu trang
0,nguyen duc quy
0,nguyen kim nhung
0,kieu quoc thu
0,khoa tran minh
0,nguyen van loc
0,cao van quang
0,trieu van dung
0,che hoai duy
0,trung tin pham
0,le duc
0,pham van phuc
0,dao thu van
0,nguyen huu tri
0,bui ngoc
0,dam ha phu
0,hoang minh quang
0,tran minh tuan
0,vu quoc dai
0,le thi hang
0,thiem an phuong
0,than van tiep
0,hoang the diem
0,nguyen duc hanh
0,pham vuong anh
0,trancaovuong
0,huynh hai
0,nguyen thanh son
0,nguyen nhutan
0,le van phan
0,dang van hoan
0,le  van chuong
0,le hoan
0,nguyen anh cuong
0,hua truong thanh
0,dang- vu- loi
0,ho van huy
0,nguyen thuy anh
0,hao- nhien vu
0,hoang thi ha
0,tran van- toan
0,pham ngoc tung
0,bui quang tin
0,tra anh quan
0,tran van- toan
0,doan vu
0,nguyen thi thanh thu
0,bui quang thang
0,dang lam toi
0,pham cong dieu
0,hoàng hải
0,dang lam toi
0,le cong son
0,giau hoang
0,nguyen thach han
0,vu cong doan
0,nguyen duc hao
0,than van tiep
0,do van soan
0,dong tran
0,nguyen kim luyen
0,nguyen thanh tien
0,hoàng son
0,quan vinh
0,pham nhu hien
0,mac minh quan
0,duong minh duc
0,danny tran
0,luong viet ha
0,hoang tuan nghia
0,pham huu hung
0,truong the ky
0,nguyen van tanh
0,nguyen van nghia
0,nguyen cuong
0,son nguyen
0,thi yen truong
0,bui anh vu
0,nguyen thi hue
0,phan tan hung
0,nguyen duy
0,ton thi ngoc bao
0,nguyen quang vinh
0,thuy linh
0,bui thi huong
0,pham thanh ha
0,nguyen van manh
0,le khanh trang
0,tran duc hanh
0,truong hoai anh ( anh truong hoai)
0,nguyen thi hieu
0,nguyen van linh
0,trinh hung dan
0,nguyen manh cuong
0,le chau an thuan
0,nguyen hong khoai
0,hoang ngoc truong
0,nguyen nam huy
0,phan van thuc
0,dao duy ninh
0,vo thi hai
0,vũ xuan hải
0,nguyen phuc hung
0,dang bich phuong
0,nguyen quang huy
0,nguyen hung vu
0,song ma
0,tran thi thu
0,ngo quoc tien
0,phan dac lu
0,dao nhat dinh
0,dinh cao tue
0,nguyen hai yen
0,doan hoa
0,nguyen ngoc nhut
0,huynh tien kha
0,vo thi quynh lien
0,nguyen the thinh
0,pham minh tu
0,tran ngoc vuong
0,mai thi thoa
0,truong xuan truong
0,nguyen van khai
0,nghiep tran
0,ly thi ngoc oanh
0,luu duc
0,ngo dac hung
0,phan hoai duong
0,pham van vinh
0,pham luu bang
0,tran nga
0,tran thien an
0,nguyen tuan
0,nguyen manh hien
0,arthur nguyen
0,nguyen thi thuy minh
0,ngo qui
0,tran phuong thao
0,nguyen ngoc nhu quynh
0,nguyen thi kim lien
0,nguyen huu quy
0,hai luu
0,lynn nguyen
0,vu van hung
0,pham tran anh quan
0,nguyen thi hoai thuong
0,pham xuan toan
0,van hung cuong
0,tran ho dung
0,nguyen van khuong
0,phan manh tuan
0,nguyen thi dien
0,dong h. nguyen
0,khuu tien dat
0,le quang tuyen
0,nguyen quoc bao
0,tran van khoan
0,pham trong chanh
0,nguyen thi huyen
0,tràn thị tuyét co
0,trung dang
0,nguyen trong nhan
0,nguyen the trung
0,tran xuan vuong
0,dinh khoi nguyen
0,bui tien an
0,trinh hoang thanh
0,nguyen van tung
0,nguyen thu hien
0,do hoang tan
0,nguyen thu lan
0,le thanh nhu
0,nguyen quy hien
0,tran cong diem
0,pham van ngoc
0,nguyen- cac tran
0,gs tran quang hai
0,duong quang hanh- dzung
0,nguyen hy hoai nam
0,nguyen van hai
0,le hong hanh
0,le tien quan
0,luong duc tai
0,nguyen le tri
0,phan thi lan phuong
0,maihoa jp
0,pham quang hai
0,nguyen huy thanh
0,nguyen van vinh
0,tony nguyen
0,paul pham
0,kieu trang minh
0,nguyen quang nhan
0,bui hoang dung
0,thanh tran
0,nguyen thuong viet
0,nguyen van tien
0,nguyen anh tuan
0,bach lien huong nguyen
0,nguye thi phuong anh
0,khanh toan hoang
0,ngo hoang tri dung
0,le dieu linh
0,le duc quang
0,xuannytat
0,duong quang an- vi
0,do thanh dat
0,susan tat nguyen
0,duong quang lac- hong
0,nguyen duc nam
0,hong van
0,tuyen le
0,vu nguyet minh
0,duong quang dan- viet
0,nguyen thanh trung
0,nguyen phuong thao
0,nguyen thanh phu
0,nguyen hoang duy
0,nguyen manh thanh
0,thanhphu nguyen
0,tràn quang trung
0,pham huy viet
0,son hanh phuc
0,cao xuan ly
0,trinh ngoc khiet
0,xuan tran
0,pham van hieu
0,tran thanh son
0,hoa ha xuan
0,nguyen hung cuong
0,pham tuong van
0,nguyen quy
0,vo duy manh
0,nguyen huu tuong vinh
0,nguyen thi thu lanh
0,vu anh thu
0,do xuan thuuan
0,hy nguyen
0,nguyẽn bình nam
0,nguyen duc huy
0,pham van cau
0,truong quoc huy
0,russell hoang tran
0,pham trung thanh
0,nguyen thanh phuong
0,dang nguyen hoang
0,bui tan bay
0,pham hung phong
0,tràn van chín
0,nguyen thieu gia
0,nguyen chi quyet
0,vo thi minh
0,nguyen viet cuong
0,pham van loc
0,le thanh tung
0,nguyen thanh phuong
0,nguyen van khoa
0,nguyen ngoc dang khoa
0,nguyen viet anh
0,ly truong
0,dung leanh
0,tran thi kim loan
0,tam nguyen
0,than van minh duc
0,nguyen ngoc ha
0,tran nguyen khanh thuan
0,chanh ta minh
0,pham van le
0,bui tien rung
0,do quang tuyen
0,ton that thuan
0,dao anh truong
0,nguyen trong khoi
0,pham truong giang
0,phuong nga pham
0,tran khanh lam
0,pham nguyen hong an
0,nguyen tri duc
0,vu tuan anh
0,nguyen canh hieu
0,hoang giang
0,duong toi
0,tran viet duc
0,trinh co
0,timothy nguyen
0,hoang- van khan
0,vo huynh quang nguyen
0,le bich lien
0,le thanh tien dat
0,bachlongpd
0,vu tuan
0,vu thi bich ngoc
0,dang hong nguyen khang
0,nguyẽn van khang
0,le son tung
0,le quang vu
0,tran nang
0,vu ngoc thang
0,doan khanh an
0,le hung
0,tran nang
0,bao long nguyen minh
0,tran dinh duy
0,pham thanh van
0,bui hoang vuong
0,truong tuan dat
0,pham huu kien
0,tran van khoa
0,ta duong
0,nguyen kim yen
0,tran son tung
0,john taylor
0,ton thất hung
0,nguyen trung thanh
0,trang le
0,huynh thanh phi
0,tràn van chín
0,vu minh hoang duc
0,ton nu thi phuong
0,"dac- loc, nguyen"
0,ngo trong tien
0,ton nu quynh nga
0,ton nu thi nhung
0,nguyen huu tho
0,ton nu van ha
0,le van thanh
0,ly trong can
0,tran huu toan
0,tran ngoc bau
0,andy vo
0,vu the cuong
0,tran thien phung
0,toan t. duong
0,nguyen van phuong
0,baokinh duong
0,bui loc
0,bui minh chau
0,do trung
0,pham nhan long
0,nguyen huy dien
0,nguyen tien dung
0,nguyen chi dao
0,nguyen ha minh
0,do huu ngoc
0,ho van thuan
0,tuyen tran
0,nguyen ngoc bao
0,vu tuan cuong
0,the dung ( ho vu)
0,nguyen tuyen
0,hien huynh
0,henry h. nguyen
0,pham hoang huy phong
0,nguyen chuong chi
0,ngo thi kim cuc
0,nguyen van long
0,hoàng anh tuán
0,huong do
0,thuy doan
0,nguyen van tho
0,hoang tuan anh
0,mach van kinh
0,pham thanh long
0,hong tran
0,thinh nguyen
0,ho van mau
0,le tuan anh
0,tu nguyen
0,tuán vũ
0,mai hai lam
0,tran quang binh
0,kimngoc huynh
0,nguyen gia phuc
0,ngo le trung
0,dang minh
0,tran minh tuan
0,tran anh duy
0,hai chu
0,ken newgene
0,nguyen bac ninh
0,dinh gam
0,ngo quy nham
0,tu cao nguyen
0,luu vo
0,nguyen phuoc du chanh
0,do huu phuong
0,jose vinas
0,dac cu
0,thich vien ngo
0,doan tien dung
0,ho huy cuong
0,cao xuan dung
0,nguyen van xoang
0,nguyen hai son
0,doan nguyen ngoc lan
0,nguyen viet huy thanh
0,nguyen duc chinh
0,cao hoang nam
0,nguyen van tuong
0,le duc thang
0,hieu le
0,nguyen thanh tung
0,vu trung thanh
0,le lam thuong
0,"nghiem, thi phuong"
0,nguyen huy thang
0,nguyen cong hien
0,do hoai thu
0,tuan m le
0,tanhien dinh
0,huan m dinh
0,van tuan tran
0,duc tran
0,hoang nhan ai
0,hoang anh
0,tri manh nguyen
0,nguyen hoang phuong quynh
0,viet- ha phan
0,nguyen quoc
0,dao ba luy
0,tran van tan
0,dang ngoc chinh
0,dinh nguyen
0,ho vinh dinh
0,mai tien dung
0,hung nguyen
0,nguyen cuong
0,nguyen phuong
0,cao xuan an
0,thaison dao
0,pages christian
0,vu thanh tung
0,cao xuan an
0,le quang tung
0,pham cao huan
0,nguyen van tien
0,nguyen quang
0,nguyen thi minh phuong
0,pham toan
0,phan tan hai
0,hai nguyen
0,pham quang tu
0,quang nguyen
0,nguyen minh tam
0,nam ngo
0,le hong van
0,truong thuy
0,hieple
0,duong danh huy
0,la van phan
0,mai pham
0,tran ngoc- lieu
0,phuong phan
0,michael le
0,ngo duc minh
0,thuy trinh
0,nguyen son lam
0,nguyen thi nghia
0,nguyen- huu- an
0,nguyen tran anh
0,le van dien
0,tu viet ai
0,phu van pham
0,le thi trang
0,ho anh tuan
0,ha minh duc
0,nguyen cong vien
0,nguyen vu hieu
0,lu huynh
0,thu le
0,kieu thi dang
0,nhu may
0,abauzit
0,le minh ha
0,toan chieu luong
0,tran van cung
0,hoang hoang mai
0,le nhung
0,ngo tung lam
0,nguyen phuong dung
0,nguyen danh hoi
0,nguyen quoc vu
0,tran vu
0,tri le
0,phuong nguyen
0,do van dinh
0,an thoai phan
0,nguyen thi kim anh
0,le tran quang vu
0,nguyen ah tuyet
0,pham thi thai van
0,minh nguyen
0,nguyen van trung
0,nguyen do
0,hoang quoc hung
0,nguyen xuan thuan
0,nguyen quang quang
0,chu van keng
0,hung tran
0,dao manh hung
0,dao manh cuong
0,do dinh tham
0,john ngo
0,nguyen trong nghia
0,thai van cau
0,vong chong vo
0,dao viet dung
0,dao cat tien
0,dao ngoc linh
0,jimmy vu
0,son ho
0,dao duc thinh
0,dao minh nguyet
0,hiep khac pham
0,truong minh quang
0,nguyen c khanh
0,phan truong khoa
0,tran dac long
0,nguyen van hoa
0,thanh tien nguyen
0,tran an quoc
0,nguyen trong nghia
0,kien pham
0,anthony nguyen ngoc
0,alex cartier
0,binh pham
0,bui xuan vuong
0,luu chuong thien
0,nam gia nguyen
0,tannguyen
0,nguyen tuan anh
0,"vo, van nhut"
0,giang son ngoc
0,nguyen ngoc thanh
0,pham ngoc mai
0,nguyen hung chuong
0,dao nguyen ngoc
0,"hoan le, ph. d."
0,loi nguyen
0,nguyen huu vien
0,"vi katerina tran, esq."
0,nguyen tai thuong
0,the ngoc tran
0,uyen loewald
0,bui van phu
0,pham dong
0,nguyen vu ngoc tung
0,minh khanh nguyen
0,mark vu
0,nguyen anh linh
0,phuong tran
0,nguyen minh khanh
0,the reverend harry j bury phd
0,hoang hung
0,tayson delengocky
0,tran van thanh
0,nguyen thi muoi
0,nguyen nham
0,tran tran
0,pham huy trung
0,nguyen dao ngoc van
0,nguyen cu lan
0,nghia
0,hong anh ngo
0,duong tran
0,tran vu tuan
0,quang vinh tran
0,nguyen khoa van
0,nguyen the hung
0,mai hai lam
0,nguyen thi tuyen
0,phan ky phung
0,hoang tuy
0,nguyen the thanh
0,le van
0,khoa le
0,vu khac tam
0,le trung tuan
0,do thi kieu van
0,le trung tuyet
0,uy nguyen
0,ha nguyen
0,ta thi hoai an
0,uy nguyen
0,duong tan trung
0,do huu tuyen
0,le hoa
0,do dung
0,ha dang cau
0,hai  truong
0,nguyet  nguyen
0,dinh tri
0,dinh duc hoang
0,tran mai sinh
0,lai hung quoc
0,van khoi tran
0,bui thi nguyen
0,tran van canh
0,david nguyen
0,vinhbbui
0,phuc dinh
0,pham toan thang
0,luu phung nguyen
0,dinh tai duc
0,duong van tuan
0,duong tran thai phi
0,nguyen tien dung
0,dinh quang minh
0,duong nguyen tri
0,nguyen thi kim chi
0,nguyen thi lan huong
0,hoang thi hao
0,dinh kim phuc
0,ferlicot tran
0,le hong phu
0,bui duc trung
0,anh nguyen
0,truong ngoc phuong tra
0,tiele
0,nguyen van sang
0,ngo ha quynh tran
0,quang tuan pham
0,ton duc hai
0,dinh hai dang
0,nguyen hai lan
0,chuong tran
0,tran dai nghia
0,tran gia
0,tuan nguyen
0,minh dang
0,nguyen xuan quy
0,phat pham
0,diep bao dung
0,nguyen duc phong
0,nguyen binh
0,tran trong kim huy
0,trịnh hùng
0,tuan nguyen
0,ho hoang vu
0,le manh tuong
0,le thanh hung
0,kim vu
0,tran quoc hieu
0,phong cao
0,huyenvu bui
0,pham huy dang
0,tran quoc trong
0,huynh bao duc
0,nguyen tien thang
0,luu lieu
0,tran xuan hung
0,vo ngoc anh
0,huyen vo
0,nguyen ai chi
0,hoang thi vinh
0,be van nhan
0,song bien
0,nguyen thi thanh huyen
0,le dinh luong
0,bui phuc kien
0,nhan nguyen
0,the hoang
0,tran thi thanh huong
0,nguyen duc cu
0,nguyen van thai
0,nguyen thai bao
0,phan dinh thanh
0,tran quang thanh
0,dam viet tuyen
0,nguyen bao chi
0,nguyen bao mi
0,pham h kevin
0,hung tran
0,tran anh dung
0,huynh thi my van
0,nguyen kim quy
0,nguyen quoc dung
0,dang hai
0,phat pham
0,trinh ngoc huan
0,nguyen ngoc dungx
0,van do nguyen
0,nguyen cong thanh
0,luyen vu
0,peter trinh
0,nguyen cao tin
0,nguyen an phuong
0,nguyen hoang khanh
0,nguyẽn van pháp
0,tran thi xuan hieu
0,do nhu ly
0,phuoc vinh
0,nguyen phuong nhung
0,vu minh tri
0,dao minh chau
0,ho le trung
0,hoang an nhien
0,huyng van thang
0,dõ nguyẹt minh
0,le duc luong
0,"tran, phap"
0,nguyen thanh trung
0,vu minh tan tai
0,nguyen thi phuong thao
0,vo van trong
0,tran tan loc
0,dang xuan thanh
0,phong tran
0,pham thu hong
0,helen tran
0,cindy tran
0,nguyen duc pho
0,christine tran
0,dao tuan anh
0,phan thach
0,hoang van hung
0,ngo v. hoac
0,chu xuan dung
0,tran thien ke
0,bui hoang anh
0,le dang dung
0,"dinh, hung van"
0,hoang cong binh
0,"truong , sach thi"
0,nguyen thanh sanh
0,nguyen thi nguyet
0,nguyen thi nghia
0,vu trung
0,tran van anh
0,dang ngoc thien tu
0,nguyen tung quang
0,nguyen van truong
0,dinh tu hoang
0,tran ngoc duong
0,nguyen ngoc huong duong
0,dang thi huong
0,giap van duong
0,khai d vu
0,tong van linh
0,truc nguyen
0,vu  sinh  hien
0,nguyet anh pham
0,michelle do
0,hugh nguyen
0,ngo tung chau
0,bao nguyen
0,luu hà sĩ tam
0,ngo van ky thoai
0,quoc tuan nguyen
0,aaron dinh
0,nguyen tien dung
0,le tran thanh
0,nguyen hoang giang
0,nguyen  duc truong
0,le van duong
0,nguyẽn anh tuán
0,vu thi kim xuyen
0,nguyen chi hieu
0,le thi thu huong
0,tran my hanh
0,nguyen thi phuong kieu
0,dang thuong huyen
0,nguyenthanhduy
0,phan vu hong van dao
0,hoang trung kien
0,henry pham
0,le anh tuan
0,nguyen tuan hung
0,dau vuong quyen
0,nguyen van vien
0,binh khanh nguyen
0,le dinh cuong
0,nguyen van viet
0,vu anh tuan
0,huyen dang
0,tran dinh quan
0,binh khanh nguyen
0,vu trong huynh
0,ngo anh tuyet
0,pham tu han
0,phung thanh tuyen
0,tung nguyen
0,nguyen le thanh
0,nguyen  tien
0,tran thi diem
0,nguyen quoc toan
0,vo thai nguyen
0,le anh tuan
0,dinh huynh hieu nghia
0,le minh phieu
0,nguyen hong chuong
0,le hoang tuan
0,le doan the
0,pham thanh tung
0,le son anh hoang
0,nguyen trung thanh
0,le van hiep
0,trung ho
0,trinh xuan quyet
0,luong duy quang
0,tran phuoc loc
0,thomas truong
0,dinh ngoc huong
0,hien bui
0,matsuda kimiaki
0,le van
0,huynh thi huong tra
0,pham quang tuan
0,nguyen minh quoc
0,giang nguyen thanh
0,nguyen thanh tien
0,nguyen thai hung
0,duy nguyen
0,nguyen nhu thuan
0,nguyen thi thuy ha
0,chau manh hung
0,ha trung dung
0,dung thi tran
0,ta thi tuyet
0,cao van bi
0,le minh hang
0,hoa nguyen dinh giang
0,tran quang toan
0,nguyen quoc cuong
0,thanh chi le
0,che vinh
0,ho quoc cuong
0,nguyen thi thu
0,nguyen thanh huy
0,quach long thang
0,tran quoc tuan
0,dang lam dong
0,chau quoc liem
0,lee nguyen
0,nguyen minh quoc
0,pham van hoa
0,nguyen chi cong
0,nguyen quoc hai
0,pham ngoc thanh
0,tràn viẹt liẽn
0,dang van dai
0,le hoang
0,dinh thi ngan
0,nguyen huy nhien
0,nguyen thu hoai
0,vu chien thang
0,truong xuan hien
0,nguyen huong giang
0,nguyen van hien
0,tony truong
0,van ngoc cuong
0,hoang minh tuong
0,nguyen quoc hai
0,tran nam kha
0,le thi ngoc diep
0,nguyen thi minh anh
0,nguyen bai
0,nguyen cong minh
0,nguyen bao thach
0,duong thuan an
0,dinh hong hiep
0,pham duy hieu
0,nguyen giang linh
0,duong viet quan
0,kinh mach
0,goldriver
0,nguyen hai ha
0,nguyen minh kien
0,ngo trung hieu
0,nguyen anh khoa
0,nguyen nhien
0,nguyen hong vinh
0,nguyen duy luong
0,nguyen tung anh
0,nguyen van tro
0,le viet tuan anh
0,bui anh tuan
0,long ngo dinh
0,le thi phuong thao
0,hien pham
0,trieu doan trang
0,quan nguyen
0,nguyen anh nguyet
0,son bach
0,phan van hien
0,nguyen phan xuan thuy
0,nguyenvanquang
0,dao thi hong hanh
0,thinh pham
0,paulo anh tien
0,luu van khoa
0,lai tan lam
0,nguyen thi bao tran
0,ngo minh uy
0,nguyen trong viet
0,hoa tai vu
0,nguyen van long
0,bach luu nguyen
0,truong kinh
0,son ngoc pham
0,nguyen quoc viet
0,buu dien nguyen
0,pham le bac
0,le thanh truong
0,vietnam hoai nguyen
0,dieu t. nguyen
0,genie nguyen
0,james hoa dac ngo
0,vu quang khai
0,dinh quang
0,le anh viet tu
0,kevin do
0,bui thi be
0,le tuyet manh
0,dat nguyen
0,to ngoc chan
0,tran thien tung
0,ngo thanh thu
0,nguyen quoc cam
0,chu van son
0,doan ke thien
0,bui   tin
0,dang minh tuan
0,ngo luuphuong
0,dang minh dung
0,pham tan kiet
0,vu thi thuy
0,nguyen bao van
0,hoang huy
0,tran trung chinh
0,nguyen viet trieu
0,nguyẽn thị rảnh
0,myhanh nguyen
0,nguyen hoang thanh
0,vu thanh tung
0,j. b nguyen huu vinh
0,thinh nguyen
0,pham thanh nam
0,thanh nguyen trung
0,le thanh truong
0,tran chung kien
0,doan xuan truc
0,vuong thi phuc
0,tràn chí giang
0,pham huy hoang
0,thien hoang
0,nguyen thi duyen tu
0,pham viet cuong
0,tran nam phong
0,bui viet tuyen
0,ngo van minh
0,william pho
0,tran vinh hang
0,dao thu hue
0,nguyen phi
0,tran ho khanh nguyen
0,hoang nguyen ha
0,le trung kien
0,phong huynh
0,ta manh hung
0,pham cong hieu
0,nguyen huu su
0,phong huynh
0,nguyen van son
0,nguyen phuoc hoa
0,van do hai
0,bui ngoc quang
0,nguyen p. tho
0,la tran nhu ngoc
0,vu luulinh
0,truong huy khang
0,tran quang lam
0,nguyen quang huy
0,nam nguyen
0,khue- tu nguyen
0,tran hoa hiep
0,nguyen bich thuy
0,pham thanh son
0,nguyen nam trung
0,hoang nghia thang
0,nguyen hoang viet
0,pham thanh liem
0,nguyen  dang my
0,dangthi tam
0,trung nguyen
0,lai dang tuan
0,vu van duong
0,vu quang truong
0,vo nhu quoc
0,vu henry
0,chau ngo
0,pham thi hong
0,tran thi huong
0,le thi hang
0,dang truong khanh linh
0,ngo bong
0,nguyen tan phuong
0,doan duc chinh
0,nguyen thi phuong hoa
0,anh tuan nguyen
0,hoang thanh binh
0,nguyen van dung
0,pham nguyen hoai thuong
0,nguyen thi hong thu
0,ha mai
0,tran minh phat
0,van ngoc huy
0,la tuong dinh
0,ha trong linh
0,thanh long
0,hoang phuoc binh
0,timothy t nguyen
0,vo quoc huy
0,bui thu trang
0,tran hoang quan
0,hung nguyen
0,tran duc thinh
0,nguyen van phap
0,pham van viet
0,nguyen cuu tri
0,nguyen thanh
0,le thanh hai
0,do thi thu
0,nguyen the chinh
0,tran minh thanh
0,vinh nguyen
0,nguyen tuan hai
0,nguyen bao thuy ngan
0,nguyen don phuoc
0,huynh hung
0,hoang ngoc khanh
0,ho van giau
0,thai van tu
0,hoang van nam
0,linh mcculloch
0,phuong nguyen
0,chris le
0,grace bui
0,binh nguyen
0,ha binh minh
0,nguyen huu kien
0,dong phong
0,cuong le
0,tran thi xuan na
0,phan huu duc
0,vo chi dung
0,francis be
